neighborhood,asOf,source,medianSalePrice,averageSalePrice,pricePerSqFt,twelveMonthSales,medianDaysOnMarket,activeListings,lastSaleDate,lastSalePrice,lastSaleNote,priceRangeLow,priceRangeHigh
Silverleaf,,,,,,,,,,,,,
DC Ranch,,,,,,,,,,,,,
Troon North,,,,,,,,,,,,,
Grayhawk,,,,,,,,,,,,,
Desert Mountain,,,,,,,,,,,,,
Cave Creek,,,,,,,,,,,,,
Carefree,,,,,,,,,,,,,
Fountain Hills,,,,,,,,,,,,,
Rio Verde,,,,,,,,,,,,,
Anthem,,,,,,,,,,,,,
Agritopia,,,,,,,,,,,,,
Biltmore,,,,,,,,,,,,,
Ocotillo,,,,,,,,,,,,,
Las Sendas,,,,,,,,,,,,,
Moon Valley,,,,,,,,,,,,,
